inventory
"Adamantine Chain Shirt,Cloak of Protection,Goggles of Night,Periapt of Proof against Poison,Ring of Mind Shielding,Staff of Power,Studded Leather, +1,Studded Leather,Rapier,Crossbow Bolts"
"Bag of Holding,Iron Flask,Studded Leather, +3,Wand of the War Mage, +3,Rod of the Pact Keeper, +3,Illusionist's Bracers,Dungeon Key 4,Cloak of Displacement,Ring of Spell Storing"
Shield
"Give,Studded Leather,Dagger,Light Hammer,Ink (1 ounce bottle),Ink Pen,Parchment (one sheet)"
"Shield,Plate,Mace,Potion of Healing"
Shield
"Amulet of Proof against Detection and Location,Bag of Holding,Cloak of Protection,Eyes of the Eagle,Flame Tongue Greatsword,Ring of Animal Influence,Greataxe, +1,Warhammer, +1,Potion of Giant Size,Handaxe,Handaxe,Javelin,Backpack,Bedroll,Mess Kit,Tinderbox,Torch,Rations (1 day),Waterskin,Rope, Hempen (50 feet),Hunting Trap,Clothes, Traveler's"
"Circlet of Blasting,Robe of Stars,Potion of Healing (Greater),Dagger, +1,Heward's Handy Haversack,Staff of Defense,Shortbow,Arrows,Crystal,Pouch,Quiver,Quiver,Quiver,Robes,Signet Ring,Spellbook"
"Bag of Holding,Circlet of Blasting,Cloak of the Manta Ray,Lantern of Revealing,Necklace of Fireballs,Staff of Fire,Wand of Magic Detection,Potion of Healing (Greater),Crossbow, Light, +1,Dagger, +1,Sending Stones,Spell Gem (Obsidian),Spell Gem (Bloodstone),Wand of Viscid Globs,Case, Map or Scroll,Clothes, Common,Crossbow Bolts,Crystal,Healer's Kit,Potion of Healing,Pouch,Spell Gem (Diamond)"
"Censer of Controlling Air Elementals,Shield, +1,Armor of Lightning Resistance, Breastplate,Rapier, +2,Helm of the Subsistent Watcher,Abacus,Dungeoneer's Pack"
"Crossbow, hand"
"Rope of Climbing,Crossbow, Heavy, +1,Chain Shirt,Dagger,Dagger,Dagger,Dagger,Dagger,Rapier,Warhammer,Crossbow Bolts,Ink Pen,Parchment (one sheet),Ball Bearings (bag of 1,000),Backpack,Block and Tackle,Candle,Clothes, Traveler's,Flask or Tankard,Forgery Kit,Mirror, Steel,Oil (flask),Playing Card Set,Sealing Wax,Torch,Potion of Healing"
"Leather,Dagger,Rapier,Entertainer's Pack "
"Cape of the Mountebank,Cubic Gate,Figurine of Wondrous Power (Bronze Griffon),Manual of Bodily Health,Portable Hole,Potion of Water Breathing,Robe of the Archmagi,Staff of Power,Tome of Clear Thought,Figurine of Wondrous Power (Obsidian Steed),Potion of Healing (Superior),Potion of Healing (Supreme),Tome of the Stilled Tongue,Component Pouch,Backpack,Ink (1 ounce bottle),Ink Pen,Parchment (one sheet),Little Bag of Sand,Spellbook,Clothes, Common,Longsword,Greatsword,Cold Weather Gear"
"Broom of Flying,Cape of the Mountebank,Cubic Gate,Potion of Water Breathing,Robe of the Archmagi,Staff of the Magi,Tome of Clear Thought,Tome of Leadership and Influence,Manual of Iron Golems,Potion of Healing (Greater),Potion of Healing (Superior),Potion of Healing (Supreme),Potion of Force Resistance,Rod of the Pact Keeper, +3,Daern's Instant Fortress,Potion of Psychic Resistance,Clothes, Fine,Pouch,Rope, Hempen (50 feet),Thieves' Tools,Waterskin"
"Berserker Greataxe,Vicious Javelin"
"Gauntlets of Ogre Power,Mace of Disruption,Winged Boots,Shield,Splint,Sling,Sling Bullets,Backpack,Amulet,Alms Box,Warhammer,Blanket,Rations (1 day),Tinderbox,Waterskin,Playing Card Set,Candle,Block of Incense,Censer,Vestments"
"Necklace of Prayer Beads,Ring of Invisibility,Arrows, +1,Longbow, +2,Bracers of the Assassin,Studded Leather of Shadow Aura,Dagger,Longsword,Longbow,Clothes, Common,Quiver,Explorer's Pack"

Wand of Winter
"Cape of the Mountebank,Robe of Eyes,Rapier, +2,Studded Leather,Dagger,Dagger,Shortbow,Rapier,Arrows,Backpack,Clothes, Fine,Potion of Healing,Pouch,Dagger,Dagger,Dagger,Dagger,Dagger,Dagger,Dagger,Dagger,Chalk (1 piece),Hammer,Piton,Rope, Hempen (50 feet),Signet Ring,Tinderbox,Waterskin,Thieves' Tools,String,Clothing, cold weather,Potion of Heroism,Spell Scroll (5th Level),Potion of Invulnerability"
"Staff of Charming,Sun Bow,Dagger"
"Longsword, +1,Shield,Plate,Ascender,Winch,Sundial,Leacher's Emerald,Javelin,Crossbow, light,Halberd,Lance,Crossbow Bolts,Backpack,Chain (10 feet),Grappling Hook,Ram, Portable,Smith's Tools"
"Studded Leather,Rapier"


"Potion of Water Breathing,Longsword, +1,Shield,Chain Mail,Splint,Handaxe,Handaxe,Spear,Battleaxe,Flask or Tankard,Dungeoneer's Pack,Dice Set"
"Leather,Dagger,Dagger,Shortbow,Rapier,Abacus,Clothes, Common,Crowbar,Burglar's Pack"
"Dagger,Dagger,Crossbow, light,Crossbow Bolts,Component Pouch,Dungeoneer's Pack"
"Dagger,Dagger,Crossbow, light,Crossbow Bolts,Explorer's Pack,Rod"
"Scale Mail,Shield,Mace,Crossbow, light,Crossbow Bolts,Backpack,Clothes, Common,Amulet,Ink (1 ounce bottle),Bedroll,Mess Kit,Paper (one sheet),Rations (1 day),Rope, Hempen (50 feet),Tinderbox,Torch,Waterskin"
"Leather,Dagger,Dagger,Shortbow,Rapier,Arrows,Backpack,Ball Bearings (bag of 1,000),Bell,Candle,Clothes, Common,Crowbar,Hammer,String,Piton,Lantern, Hooded,Oil (flask),Rations (1 day),Tinderbox,Waterskin,Rope, Hempen (50 feet),Thieves' Tools"


"Oil of Etherealness,Ioun Stone of Strength,Double Edge,Mace of Tithing,Shield,Chain Mail,Splint,Longsword,Javelin"
"Spell Scroll (1st Level),Dagger of Returning,Studded Leather,Dagger,Rapier,Clothes, Costume,Robes,Entertainer's Pack ,Dice Set,Playing Card Set,Flute,Lute,Pan Flute"
"Leather,Dagger,Rapier,Entertainer's Pack ,Lute,Pan Flute"

"Leather,Dagger,Crossbow, light,Shortsword,Explorer's Pack"

"Longsword,Quarterstaff,Dart,Ink (1 ounce bottle),Ink Pen,Clothes, Common,Clothes, Fine,Component Pouch,Spellbook,Scholar's Pack"




"Shield,Chain Mail,Mace,Crossbow, light,Crossbow Bolts,Priest's Pack,Reliquary"

"Chain Mail, +1"


"Leather,Handaxe,Lyre"
"Shield,Chain Mail,Mace,Crossbow, light,Priest's Pack"


"Scale Mail,Shield,Spear,Backpack,Bedroll,Blanket,Clothes, Common,Component Pouch,Paper (one sheet),Robes,Playing Card Set"
"Handaxe,Javelin,Greataxe,Explorer's Pack"
"Studded Leather, +3,Vorpal Scimitar,Shortsword, +3,Leather,Shortsword,Shortsword,Longbow,Shovel,Explorer's Pack,Carpenter's Tools,Disguise Kit"
"Arrow of Slaying,Cloak of Displacement,Elemental Gem (Blue Sapphire),Gauntlets of Ogre Power,Goggles of Night,Dagger, +1,Longbow, +1,Studded Leather,Leather,Longsword,Handaxe,War Pick,Longbow,Arrows,Backpack,Crowbar,Hammer,Piton,Torch,Tinderbox,Rations (1 day),Waterskin,Rope, Hempen (50 feet),Playing Card Set,Clothes, Common,Grappling Hook,Pouch,Thieves' Tools,Potion of Healing,Disguise Kit,Ball Bearings (bag of 1,000),Backpack"

"Shield,Handaxe,Handaxe,Warhammer"
Quarterstaff
"Dagger,Dart,Ink (1 ounce bottle),Backpack,Bedroll,Clothes, Common,Mess Kit,Rations (1 day),Rope, Hempen (50 feet),Tinderbox,Torch,Waterskin,Small Knife"



"Shield,Chain Mail,Longsword,Handaxe,Handaxe,Explorer's Pack"

"Dust of Disappearance,Eversmoking Bottle,Gem of Brightness,Potion of Healing,Ring of Evasion,Ring of Spell Storing,Potion of Healing (Superior),Flame Longsword, +1,Mithral Plate of Flame,Animated Shield of Protection,The Battlehammer,Signet Ring,Bomb"
"Leather,Dagger,Dagger,Shortbow,Shortsword,Arrows,Clothes, Common,Pot, Iron,Shovel,Tinker's Tools,Thieves' Tools"



"Quarterstaff,Dart,Case, Map or Scroll,Clothes, Common,Dungeoneer's Pack"
"Leather,Dagger,Dagger,Quarterstaff,Crossbow, light,Crossbow Bolts,Scholar's Pack,Rod"

"Leather,Dagger,Rapier,Entertainer's Pack ,Lute"



"Chain Mail,Crossbow, light,Scimitar,Scimitar,Crossbow Bolts,Clothes, Common,Crowbar,Potion of Healing,Pouch,Dungeoneer's Pack,Clothing, cold weather"


"Dart,Shortsword,Explorer's Pack"

"Amulet of Health,Bag of Holding,Potion of Animal Friendship,Potion of Hill Giant Strength,Robe of the Archmagi,Staff of Power,Tome of Clear Thought,Tome of Leadership and Influence,Tome of Understanding,Potion of Healing (Greater),Potion of Healing (Superior),Potion of Healing (Supreme),Potion of Cold Resistance,Spell Scroll (2nd Level),Spell Scroll (3rd Level),Spell Scroll (4th Level),Spell Scroll (5th Level),Spell Scroll (7th Level),Spell Scroll (8th Level),Ink (1 ounce bottle),Ink Pen,Potion of Poison Resistance,Potion of Invulnerability,Elixir of Health,Net,Abacus,Bedroll,Ball Bearings (bag of 1,000),Mirror of the Past,Tome of the Stilled Tongue,Cloak of Many Fashions,Pistol,Dagger,Dagger,Pipe of Smoke Monsters,Book,Saddle of the Cavalier,Potion of Vitality,Soul Coin,Spellbook,Totem,Sealing Wax,Signet Ring,Magnifying Glass,Case, Map or Scroll,Paper (one sheet),Cartographer's Tools,Oil (flask),Scale, Merchant's,Fishing Tackle,Waterskin,Blanket,Mess Kit,Pot, Iron,Jug or Pitcher,Hunting Trap,Tent, Two-Person,Clothes, Traveler's,Dice Set,Dragonchess Set,Playing Card Set,Three-Dragon Ante Set,Spyglass,Grappling Hook,Rope, Silk (50 feet),Manacles,Caltrops (bag of 20),Whetstone,Healer's Kit,Crowbar,Shovel,Hammer, Sledge,Pick, Miner's,Ram, Portable,Bell,Candle,Chalk (1 piece),Hourglass,Pouch,Sack,Antitoxin,Saddle, Exotic,Horn,Calligrapher's Supplies,Sack,Sack"

"Quarterstaff,Spellbook,Scholar's Pack,Rod"


"Dagger,Dagger,Shortbow,Rapier,Arrows,Case, Map or Scroll,Clothes, Common,Pouch,Quiver,Burglar's Pack,Thieves' Tools"

"Shield,Chain Mail,Dagger,Quarterstaff,Sling,Net,Priest's Pack"





"Studded Leather,Shortsword,Shortsword,Explorer's Pack,Lute"

"Dagger,Dart,Robes,Explorer's Pack,Thieves' Tools"

"Dagger,Dagger,Quarterstaff,Crystal"

"Adamantine Scale Mail,Longbow, +1,Shortsword, +1,Shortsword, +1,Quiver,Dungeoneer's Pack"


"Handaxe,Javelin,Greataxe,Explorer's Pack"
"Shield,Chain Mail,Mace,Crossbow, light,Crossbow Bolts,Priest's Pack,Reliquary"
"Leather,Dagger,Rapier,Entertainer's Pack ,Lute"

"Leather,Dagger,Dagger,Quarterstaff,Crossbow, light,Crossbow Bolts,Scholar's Pack,Rod"

"Leather,Dagger,Rapier,Backpack,Drum,Bedroll,Candle,Clothes, Costume,Rations (1 day),Waterskin,Disguise Kit"
"Amulet of Health,Cloak of Displacement,Gem of Seeing,Goggles of Night,Manual of Quickness of Action,Potion of Speed,Scarab of Protection,Staff of Striking,Tome of Understanding,Belt of Storm Giant Strength,Potion of Healing (Greater),Potion of Healing (Superior),Potion of Healing (Supreme),Quarterstaff,Dart,Backpack,Explorer's Pack,Woodcarver's Tools,Whip,Serenity (Whip +3),Potion of Vitality,Longbow,Ring of Fire Resistance"




"Bracers of Defense,Cloak of Protection,Wand of Magic Missiles,Wand of the War Mage, +1,Potion of Healing (Greater),Wand of Winter,Yallek Rhim's Ring of Spell Storing,Quarterstaff,Crossbow, light,Crossbow Bolts,Backpack,Bedroll,Case, Map or Scroll,Mess Kit,Tinderbox,Torch,Rations (1 day),Waterskin,Rope, Silk (50 feet),Rope, Hempen (50 feet),Lantern, Bullseye,Clothes, Common,Arcane Focus,Clothes, Traveler's,Component Pouch"

Greataxe
Wave of the Stormforge
"Immovable Rod,Pearl of Power,Potion of Climbing,Ring of Protection,Wand of Magic Missiles,Cloak of Many Fashions,Gnomish Staff of Empowerment, +1,Dagger,Quarterstaff,Backpack,Bedroll,Clothes, Fine,Flask or Tankard,Mess Kit,Torch,Rations (1 day),Waterskin,Rope, Hempen (50 feet),Potion of Healing"
"Bag of Holding,Cloak of Displacement,Immovable Rod,Oil of Sharpness,Potion of Hill Giant Strength,Potion of Mind Reading,Potion of Poison,Potion of Water Breathing,Wand of Magic Detection,Defender Shortsword,Ioun Stone of Agility,Ioun Stone of Regeneration,Leather, +2,Shortbow,Burglar's Pack,Thieves' Tools,Studded Leather,Cloak of the Kraken,Shortsword of Slaying,Alchemy Jug,Shag Cloak of the Magic Plane,Potion of Fire Resistance,Gloves of Thievery,Dagger, +2,Cloak of Levitation,Vorpal Scimitar,Shortsword, +1,Potion of Healing,Lute,Potion of Necrotic Resistance,Potion of Healing (Greater),Coin of the Warrior's Gamble,Seven unusual coins,Floating glowing globe"


"Handaxe,Javelin,Greataxe,Explorer's Pack"
"Bag of Holding,Boots of Speed,Cloak of the Bat,Glamoured Studded Leather,Ring of Free Action"
"Mace of Disruption,Necklace of Prayer Beads,Winged Boots,Figurine of Wondrous Power (Obsidian Steed),Adamantine Plate,Potion of Healing (Greater),Shield, +3,Spell Scroll (5th Level),Dagger,Backpack,Clothes, Traveler's,Bedroll,Manacles,Rope, Hempen (50 feet),Waterskin,Amulet"
"Bracers of Defense,Ring of Animal Influence,Ring of Free Action,Slippers of Spider Climbing,Staff of Striking"








Quarterstaff
"Scale Mail,Shield,Shield,Dagger,Dagger,Mace,Quarterstaff,Shortbow,Crossbow Bolts,Backpack,Bedroll,Clothes, Common,Clothes, Fine,Scholar's Pack,Component Pouch,Mess Kit,Tinderbox,Torch,Rations (1 day),Waterskin,Rope, Hempen (50 feet),Amulet,Signet Ring,Potion of Healing"

"Shield,Chain Mail,Handaxe,Warhammer,Explorer's Pack"




"Studded Leather,Rapier,Backpack"
"Studded Leather,Dagger"




"Dwarven Thrower,Belt of Storm Giant Strength,Plate, +3,Shield, +3"

"Chain Mail,Handaxe,Handaxe,Greatsword,Halberd,Backpack,Bedroll,Clothes, Fine,Mess Kit,Rations (1 day),Rope, Hempen (50 feet),Signet Ring,Tinderbox,Torch,Waterskin"
Greataxe
"Armor of Lightning Resistance, Breastplate,Maul, +2"
"Amulet of Proof against Detection and Location,Belt of Dwarvenkind,Belt of Hill Giant Strength,Boots of Elvenkind,Potion of Diminution,Studded Leather Armor +1,Carpet of Flying (6 ft. x 9 ft.),Ioun Stone of Mastery,Potion of Healing (Superior),Potion of Poison Resistance,Shield, +3,Staff of the Woodlands,Censer of Thaumaturgy,Claws of Draconic Might,Epic Tier Dragon,Belt of Acid Resistance,Belt of Belt Slots,Bandolier of Flame,Belt of Bonding,Belt of Draconic Resistance,Belt of Many Pouches,Belt of Temporal Fixing,Cloak of Very Much Protection,Wildheart Armour of Mastery, +2,Jade Circlet ,Magical Pop Rocks,Potion Makers  Recipies Cards,Rod of Narrative Convenience,Many Many Gems,Rod to the Second Layer of Hell,Diamond,Dust of the Aplifier,Planar Binding Gem,Poppies,Draconic Engagement Ring,Rod of the Feywild,Rod to the Elemental Plane of Fire,Gem-Encrusted Bowl ,Potion of Mirror Image ,Herbalism Kit,Potion of Healing,Rod to the Unknown,Cloak of Proof of detection and location,Assorted Gems (Mostly Rubies),Brittany Spores Goo,Rod to the Markets,Bag of Snowy Diamond Dust"

"Studded Leather,Dagger,Dagger,Dagger"
"Longsword, +1,Shield,Chain Mail,Javelin,Greatsword,Backpack,Blanket,Candle,Clothes, Common,Rations (1 day),Tinderbox,Waterskin,Emblem,Holy Symbol,Vestments,Alms Box,Block of Incense,Censer"

"Dagger,Crossbow, light,Blanket,Case, Map or Scroll,Clothes, Common,Dungeoneer's Pack,Herbalism Kit,Staff"
"Leather, +1"

"Leather,Shortsword,Shortsword,Longbow,Arrows,Pouch,Rations (1 day),Waterskin"
"Shield,Chain Mail,Javelin,Warhammer,Priest's Pack"




"Leather,Crossbow, hand,Dagger,Dagger,Rapier,Case, Crossbow Bolt,Clothes, Fine,Signet Ring,Burglar's Pack,Thieves' Tools"
"Hide,Handaxe,Handaxe,Javelin,Greataxe,Clothes, Common,Pot, Iron,Explorer's Pack,Cook's Utensils"



"Amulet of Health,Amulet of the Planes,Apparatus of the Crab,Adamantine Half Plate,Adamantine Plate,Armor of Acid Resistance, Breastplate"
"Leather,Dagger,Dagger,Quarterstaff,Crossbow, light,Scholar's Pack"

"Dagger,Clothes, Common,Component Pouch,Spellbook,Explorer's Pack"


Shield


"Boots of Striding and Springing,Ring of Mind Shielding,Clothes, Traveler's"

"Belt of Dwarvenkind,Potion of Heroism,Ring of Spell Storing,Horn of Valhalla (Iron),Potion of Healing (Greater),Potion of Healing (Supreme),Shield, +2,Spell Scroll (5th Level),Spell Scroll (9th Level),Cloak of Invisibility,Half Plate,Crystal,Potion of Healing,Antitoxin"
"Shield, +1,Shield,Leather,Dagger,Dagger,Quarterstaff,Crossbow, light,Backpack,Bedroll,Blanket,Clothes, Common,Mess Kit,Rations (1 day),Explorer's Pack,Tinderbox,Torch,Waterskin,Rope, Hempen (50 feet),Robes,Herbalism Kit"
"Shield,Chain Mail,Longsword,Javelin,Backpack,Clothes, Fine,Signet Ring,Amulet,Bedroll,Mess Kit,Rations (1 day),Rope, Hempen (50 feet),Tinderbox,Torch,Waterskin"

"Dagger,Quarterstaff,Robes,Spellbook,Scholar's Pack,Rod"
"Shield,Chain Mail,Longsword,Handaxe,Handaxe,Explorer's Pack"
"Shield,Chain Mail,Handaxe,Handaxe,Battleaxe,Explorer's Pack"
"Shield,Chain Mail,Longsword,Handaxe,Handaxe,Explorer's Pack"
"Cloak of Protection,Cloak of Protection"
"Cloak of Protection,Goggles of Night,Periapt of Wound Closure,Ring of Spell Storing,Slippers of Spider Climbing,Winged Boots,Plate, +1,Potion of Healing (Greater),Glaive, +1,Shield,Longsword,Potion of Healing,Rations (1 day)"
Studded Leather
"Leather,Quarterstaff,Scimitar,Pot, Iron,Shovel,Explorer's Pack"

"Wand of the War Mage, +1,Dagger,Spellbook,Scholar's Pack,Wand"
"Shield,Handaxe,Handaxe,Battleaxe,Warhammer,Parchment (one sheet),Ball Bearings (bag of 1,000),Blanket,Crowbar,Manacles,Mirror, Steel,Ram, Portable,Rations (1 day),Explorer's Pack,Robes,Disguise Kit,Rope, Hempen (50 feet),Thieves' Tools"
"Studded Leather,Dagger,Rapier,Longbow"
"Breastplate, +1,Ring of Warmth,Shield, +1,Shortsword, +1"

"Battleaxe of Leeching,Shield,Handaxe,Javelin,Maul,Clothes, Traveler's,Hunting Trap,Staff"



"Bag of Holding,Armor of Lightning Resistance, Studded Leather,Vicious Spear"
"Ring of Warmth,Staff of Fire,Wand of Magic Missiles,Winged Boots,Gloves of Thievery,20 Gold Worth of Magic Spellcasting Paper,1-5 lbs of Junk,Gems,Dagger,Backpack,Clothes, Common,Signal Whistle,Spellbook,Small Knife,Staff,Little Bag of Sand,Thieves' Tools,Oil of Slipperiness,Potion of Healing (Greater),Potion of Healing (Superior),Spell Scroll (5th Level),Book,Ink (1 ounce bottle),Ink Pen,Parchment (one sheet),Climber's Kit,Jug or Pitcher,Mess Kit,Potion of Healing,Rope, Hempen (50 feet),Bloodstone,Citrine"


"Bracers of Defense,Ring of Protection,Rapier, +1,Dagger,Dagger,Quarterstaff,Crossbow, light,Crystal,Explorer's Pack,Herbalism Kit"



"Chain Mail,Javelin,Spear,Spear,Explorer's Pack"
"Adamantine Chain Shirt,Adamantine Breastplate,Adamantine Chain Mail,Adamantine Plate,Elemental Gem (Yellow Diamond),Maul, +1,Abacus,Acid (vial),Potion of Healing"

Backpack
"Shield,Chain Mail,Javelin,Warhammer,Backpack,Bedroll,Clothes, Common,Mess Kit,Rations (1 day),Rope, Hempen (50 feet),Tinderbox,Torch,Waterskin,Emblem"
"Frost Brand Longsword,Studded Leather,Dagger,Revolver,Backpack,Crowbar,Hammer,Piton,Rations (1 day),Rope, Hempen (50 feet),Tinderbox,Torch,Waterskin"
